company,period,item,value,unit,value_mn_tl
ALJ,2023/12,Alınan Krediler,3156326,1000TL,3156.326
ALJ,2023/12,Brüt Kâr (Zarar),142095,1000TL,142.095
ALJ,2023/12,Esas Faaliyet Gelirleri,926185,1000TL,926.185
ALJ,2023/12,Finansman Giderleri,-784090,1000TL,-784.09
ALJ,2023/12,Net Faaliyet Kârı (Zararı),36594,1000TL,36.594
ALJ,2023/12,Varlıklar Toplamı,4092356,1000TL,4092.356
ALJ,2023/12,Özkaynaklar,320478,1000TL,320.478
ALJ,2023/12,İhraç Edilen Menkul Kıymetler (Net),404894,1000TL,404.894
ALJ,2024/12,Alınan Krediler,5598331,1000TL,5598.331
ALJ,2024/12,Brüt Kâr (Zarar),290988,1000TL,290.988
ALJ,2024/12,Esas Faaliyet Gelirleri,2588596,1000TL,2588.596
ALJ,2024/12,Finansman Giderleri,-2297608,1000TL,-2297.608
ALJ,2024/12,Net Faaliyet Kârı (Zararı),-75803,1000TL,-75.803
ALJ,2024/12,Varlıklar Toplamı,7322154,1000TL,7322.154
ALJ,2024/12,Özkaynaklar,591773,1000TL,591.773
ALJ,2024/12,İhraç Edilen Menkul Kıymetler (Net),724241,1000TL,724.241
ALJ,2025/12,Alınan Krediler,5283652,1000TL,5283.652
ALJ,2025/12,Brüt Kâr (Zarar),505776,1000TL,505.776
ALJ,2025/12,Esas Faaliyet Gelirleri,3069332,1000TL,3069.332
ALJ,2025/12,Finansman Giderleri,-2563556,1000TL,-2563.556
ALJ,2025/12,Net Faaliyet Kârı (Zararı),94169,1000TL,94.169
ALJ,2025/12,Varlıklar Toplamı,6912992,1000TL,6912.992
ALJ,2025/12,Özkaynaklar,653390,1000TL,653.39
ALJ,2025/12,İhraç Edilen Menkul Kıymetler (Net),685059,1000TL,685.059
ALJ,2026/06,Alınan Krediler,5964719,1000TL,5964.719
ALJ,2026/06,Brüt Kâr (Zarar),260371,1000TL,260.371
ALJ,2026/06,Esas Faaliyet Gelirleri,1595239,1000TL,1595.239
ALJ,2026/06,Finansman Giderleri,-1334868,1000TL,-1334.868
ALJ,2026/06,Net Faaliyet Kârı (Zararı),16741,1000TL,16.741
ALJ,2026/06,Varlıklar Toplamı,7244018,1000TL,7244.018
ALJ,2026/06,Özkaynaklar,665656,1000TL,665.656
ALJ,2026/06,İhraç Edilen Menkul Kıymetler (Net),351937,1000TL,351.937
KOC,2023/12,Alınan Krediler,12812789,1000TL,12812.789
KOC,2023/12,Brüt Kâr (Zarar),947189,1000TL,947.189
KOC,2023/12,Esas Faaliyet Gelirleri,3997075,1000TL,3997.075
KOC,2023/12,Finansman Giderleri,-3049886,1000TL,-3049.886
KOC,2023/12,Net Faaliyet Kârı (Zararı),713169,1000TL,713.169
KOC,2023/12,Varlıklar Toplamı,17421176,1000TL,17421.176
KOC,2023/12,Özkaynaklar,1201813,1000TL,1201.813
KOC,2023/12,İhraç Edilen Menkul Kıymetler (Net),2619433,1000TL,2619.433
KOC,2024/12,Alınan Krediler,22401987,1000TL,22401.987
KOC,2024/12,Brüt Kâr (Zarar),1821720,1000TL,1821.72
KOC,2024/12,Esas Faaliyet Gelirleri,10456726,1000TL,10456.726
KOC,2024/12,Finansman Giderleri,-8635006,1000TL,-8635.006
KOC,2024/12,Net Faaliyet Kârı (Zararı),1406891,1000TL,1406.891
KOC,2024/12,Varlıklar Toplamı,31936185,1000TL,31936.185
KOC,2024/12,Özkaynaklar,2153729,1000TL,2153.729
KOC,2024/12,İhraç Edilen Menkul Kıymetler (Net),4712554,1000TL,4712.554
KOC,2025/12,Alınan Krediler,37404417,1000TL,37404.417
KOC,2025/12,Brüt Kâr (Zarar),2853128,1000TL,2853.128
KOC,2025/12,Esas Faaliyet Gelirleri,15279633,1000TL,15279.633
KOC,2025/12,Finansman Giderleri,-12426505,1000TL,-12426.505
KOC,2025/12,Net Faaliyet Kârı (Zararı),2208317,1000TL,2208.317
KOC,2025/12,Varlıklar Toplamı,55610263,1000TL,55610.263
KOC,2025/12,Özkaynaklar,3333203,1000TL,3333.203
KOC,2025/12,İhraç Edilen Menkul Kıymetler (Net),9849016,1000TL,9849.016
KOC,2026/06,Alınan Krediler,34091877,1000TL,34091.877
KOC,2026/06,Brüt Kâr (Zarar),1859334,1000TL,1859.334
KOC,2026/06,Esas Faaliyet Gelirleri,10149693,1000TL,10149.693
KOC,2026/06,Finansman Giderleri,-8290359,1000TL,-8290.359
KOC,2026/06,Net Faaliyet Kârı (Zararı),1684643,1000TL,1684.643
KOC,2026/06,Varlıklar Toplamı,55498927,1000TL,55498.927
KOC,2026/06,Özkaynaklar,4312742,1000TL,4312.742
KOC,2026/06,İhraç Edilen Menkul Kıymetler (Net),11937362,1000TL,11937.362
KOC_STELLANTIS,2023/12,Alınan Krediler,7844223,1000TL,7844.223
KOC_STELLANTIS,2023/12,Brüt Kâr (Zarar),316080,1000TL,316.08
KOC_STELLANTIS,2023/12,Esas Faaliyet Gelirleri,1945830,1000TL,1945.83
KOC_STELLANTIS,2023/12,Finansman Giderleri,-1629750,1000TL,-1629.75
KOC_STELLANTIS,2023/12,Net Faaliyet Kârı (Zararı),351784,1000TL,351.784
KOC_STELLANTIS,2023/12,Varlıklar Toplamı,11992524,1000TL,11992.524
KOC_STELLANTIS,2023/12,Özkaynaklar,730131,1000TL,730.131
KOC_STELLANTIS,2023/12,İhraç Edilen Menkul Kıymetler (Net),2146136,1000TL,2146.136
KOC_STELLANTIS,2024/12,Alınan Krediler,14489976,1000TL,14489.976
KOC_STELLANTIS,2024/12,Brüt Kâr (Zarar),890161,1000TL,890.161
KOC_STELLANTIS,2024/12,Esas Faaliyet Gelirleri,7482390,1000TL,7482.39
KOC_STELLANTIS,2024/12,Finansman Giderleri,-6592229,1000TL,-6592.229
KOC_STELLANTIS,2024/12,Net Faaliyet Kârı (Zararı),1009474,1000TL,1009.474
KOC_STELLANTIS,2024/12,Varlıklar Toplamı,20286449,1000TL,20286.449
KOC_STELLANTIS,2024/12,Özkaynaklar,1401727,1000TL,1401.727
KOC_STELLANTIS,2024/12,İhraç Edilen Menkul Kıymetler (Net),2967755,1000TL,2967.755
KOC_STELLANTIS,2025/12,Alınan Krediler,36355758,1000TL,36355.758
KOC_STELLANTIS,2025/12,Brüt Kâr (Zarar),1341366,1000TL,1341.366
KOC_STELLANTIS,2025/12,Esas Faaliyet Gelirleri,10928445,1000TL,10928.445
KOC_STELLANTIS,2025/12,Finansman Giderleri,-9587079,1000TL,-9587.079
KOC_STELLANTIS,2025/12,Net Faaliyet Kârı (Zararı),1328776,1000TL,1328.776
KOC_STELLANTIS,2025/12,Varlıklar Toplamı,48678320,1000TL,48678.32
KOC_STELLANTIS,2025/12,Özkaynaklar,2070812,1000TL,2070.812
KOC_STELLANTIS,2025/12,İhraç Edilen Menkul Kıymetler (Net),5213292,1000TL,5213.292
KOC_STELLANTIS,2026/06,Alınan Krediler,40229949,1000TL,40229.949
KOC_STELLANTIS,2026/06,Brüt Kâr (Zarar),1594295,1000TL,1594.295
KOC_STELLANTIS,2026/06,Esas Faaliyet Gelirleri,10294980,1000TL,10294.98
KOC_STELLANTIS,2026/06,Finansman Giderleri,-8700685,1000TL,-8700.685
KOC_STELLANTIS,2026/06,Net Faaliyet Kârı (Zararı),1630504,1000TL,1630.504
KOC_STELLANTIS,2026/06,Varlıklar Toplamı,54293702,1000TL,54293.702
KOC_STELLANTIS,2026/06,Özkaynaklar,3191929,1000TL,3191.929
KOC_STELLANTIS,2026/06,İhraç Edilen Menkul Kıymetler (Net),5473364,1000TL,5473.364
MERCEDES,2023/12,Alınan Krediler,11790798,1000TL,11790.798
MERCEDES,2023/12,Brüt Kâr (Zarar),-35552,1000TL,-35.552
MERCEDES,2023/12,Esas Faaliyet Gelirleri,2716807,1000TL,2716.807
MERCEDES,2023/12,Finansman Giderleri,-2752359,1000TL,-2752.359
MERCEDES,2023/12,Net Faaliyet Kârı (Zararı),389615,1000TL,389.615
MERCEDES,2023/12,Varlıklar Toplamı,14552801,1000TL,14552.801
MERCEDES,2023/12,Özkaynaklar,984500,1000TL,984.5
MERCEDES,2023/12,İhraç Edilen Menkul Kıymetler (Net),1317426,1000TL,1317.426
MERCEDES,2024/12,Alınan Krediler,19690120,1000TL,19690.12
MERCEDES,2024/12,Brüt Kâr (Zarar),966807,1000TL,966.807
MERCEDES,2024/12,Esas Faaliyet Gelirleri,6703550,1000TL,6703.55
MERCEDES,2024/12,Finansman Giderleri,-5736743,1000TL,-5736.743
MERCEDES,2024/12,Net Faaliyet Kârı (Zararı),958071,1000TL,958.071
MERCEDES,2024/12,Varlıklar Toplamı,24758197,1000TL,24758.197
MERCEDES,2024/12,Özkaynaklar,1857193,1000TL,1857.193
MERCEDES,2024/12,İhraç Edilen Menkul Kıymetler (Net),1975968,1000TL,1975.968
MERCEDES,2025/12,Alınan Krediler,38959274,1000TL,38959.274
MERCEDES,2025/12,Brüt Kâr (Zarar),1464503,1000TL,1464.503
MERCEDES,2025/12,Esas Faaliyet Gelirleri,12950902,1000TL,12950.902
MERCEDES,2025/12,Finansman Giderleri,-11486399,1000TL,-11486.399
MERCEDES,2025/12,Net Faaliyet Kârı (Zararı),1578950,1000TL,1578.95
MERCEDES,2025/12,Varlıklar Toplamı,46657644,1000TL,46657.644
MERCEDES,2025/12,Özkaynaklar,2851101,1000TL,2851.101
MERCEDES,2025/12,İhraç Edilen Menkul Kıymetler (Net),3042066,1000TL,3042.066
MERCEDES,2026/06,Alınan Krediler,38696142,1000TL,38696.142
MERCEDES,2026/06,Brüt Kâr (Zarar),955886,1000TL,955.886
MERCEDES,2026/06,Esas Faaliyet Gelirleri,8571414,1000TL,8571.414
MERCEDES,2026/06,Finansman Giderleri,-7615528,1000TL,-7615.528
MERCEDES,2026/06,Net Faaliyet Kârı (Zararı),1098921,1000TL,1098.921
MERCEDES,2026/06,Varlıklar Toplamı,46669244,1000TL,46669.244
MERCEDES,2026/06,Özkaynaklar,3602397,1000TL,3602.397
MERCEDES,2026/06,İhraç Edilen Menkul Kıymetler (Net),2640697,1000TL,2640.697
ORFIN,2023/12,Alınan Krediler,7038875287,TL,7038.875287
ORFIN,2023/12,Brüt Kâr (Zarar),273472727,TL,273.472727
ORFIN,2023/12,Esas Faaliyet Gelirleri,2381438871,TL,2381.438871
ORFIN,2023/12,Finansman Giderleri,-2107966144,TL,-2107.966144
ORFIN,2023/12,Net Faaliyet Kârı (Zararı),314288484,TL,314.288484
ORFIN,2023/12,Varlıklar Toplamı,10743478233,TL,10743.478233
ORFIN,2023/12,Özkaynaklar,863794144,TL,863.794144
ORFIN,2023/12,İhraç Edilen Menkul Kıymetler (Net),1752789703,TL,1752.789703
ORFIN,2024/12,Alınan Krediler,10642918786,TL,10642.918786
ORFIN,2024/12,Brüt Kâr (Zarar),402643461,TL,402.643461
ORFIN,2024/12,Esas Faaliyet Gelirleri,5453115639,TL,5453.115639
ORFIN,2024/12,Finansman Giderleri,-5050472178,TL,-5050.472178
ORFIN,2024/12,Net Faaliyet Kârı (Zararı),746655306,TL,746.655306
ORFIN,2024/12,Varlıklar Toplamı,15169671432,TL,15169.671432
ORFIN,2024/12,Özkaynaklar,1979897189,TL,1979.897189
ORFIN,2024/12,İhraç Edilen Menkul Kıymetler (Net),1131141799,TL,1131.141799
ORFIN,2025/12,Alınan Krediler,13535885,1000TL,13535.885
ORFIN,2025/12,Brüt Kâr (Zarar),1720363,1000TL,1720.363
ORFIN,2025/12,Esas Faaliyet Gelirleri,7646872,1000TL,7646.872
ORFIN,2025/12,Finansman Giderleri,-5926509,1000TL,-5926.509
ORFIN,2025/12,Net Faaliyet Kârı (Zararı),1873075,1000TL,1873.075
ORFIN,2025/12,Varlıklar Toplamı,21190417,1000TL,21190.417
ORFIN,2025/12,Özkaynaklar,3284415,1000TL,3284.415
ORFIN,2025/12,İhraç Edilen Menkul Kıymetler (Net),2538201,1000TL,2538.201
ORFIN,2026/06,Alınan Krediler,12397505,1000TL,12397.505
ORFIN,2026/06,Brüt Kâr (Zarar),1050779,1000TL,1050.779
ORFIN,2026/06,Esas Faaliyet Gelirleri,4162130,1000TL,4162.13
ORFIN,2026/06,Finansman Giderleri,-3111351,1000TL,-3111.351
ORFIN,2026/06,Net Faaliyet Kârı (Zararı),1172775,1000TL,1172.775
ORFIN,2026/06,Varlıklar Toplamı,22023486,1000TL,22023.486
ORFIN,2026/06,Özkaynaklar,4095507,1000TL,4095.507
ORFIN,2026/06,İhraç Edilen Menkul Kıymetler (Net),2512473,1000TL,2512.473
TEB,2023/12,Alınan Krediler,1506133,1000TL,1506.133
TEB,2023/12,Brüt Kâr (Zarar),210887,1000TL,210.887
TEB,2023/12,Esas Faaliyet Gelirleri,1103859,1000TL,1103.859
TEB,2023/12,Finansman Giderleri,-892972,1000TL,-892.972
TEB,2023/12,Net Faaliyet Kârı (Zararı),238897,1000TL,238.897
TEB,2023/12,Varlıklar Toplamı,3269368,1000TL,3269.368
TEB,2023/12,Özkaynaklar,724058,1000TL,724.058
TEB,2023/12,İhraç Edilen Menkul Kıymetler (Net),643861,1000TL,643.861
TEB,2024/12,Alınan Krediler,2846108,1000TL,2846.108
TEB,2024/12,Brüt Kâr (Zarar),374997,1000TL,374.997
TEB,2024/12,Esas Faaliyet Gelirleri,1587353,1000TL,1587.353
TEB,2024/12,Finansman Giderleri,-1212356,1000TL,-1212.356
TEB,2024/12,Net Faaliyet Kârı (Zararı),312318,1000TL,312.318
TEB,2024/12,Varlıklar Toplamı,6099502,1000TL,6099.502
TEB,2024/12,Özkaynaklar,928857,1000TL,928.857
TEB,2024/12,İhraç Edilen Menkul Kıymetler (Net),1360708,1000TL,1360.708
TEB,2025/12,Alınan Krediler,3177358,1000TL,3177.358
TEB,2025/12,Brüt Kâr (Zarar),712061,1000TL,712.061
TEB,2025/12,Esas Faaliyet Gelirleri,2374729,1000TL,2374.729
TEB,2025/12,Finansman Giderleri,-1662668,1000TL,-1662.668
TEB,2025/12,Net Faaliyet Kârı (Zararı),607591,1000TL,607.591
TEB,2025/12,Varlıklar Toplamı,5049135,1000TL,5049.135
TEB,2025/12,Özkaynaklar,1371477,1000TL,1371.477
TEB,2025/12,İhraç Edilen Menkul Kıymetler (Net),0,1000TL,0
TEB,2026/06,Alınan Krediler,3427537,1000TL,3427.537
TEB,2026/06,Brüt Kâr (Zarar),389739,1000TL,389.739
TEB,2026/06,Esas Faaliyet Gelirleri,1001628,1000TL,1001.628
TEB,2026/06,Finansman Giderleri,-611889,1000TL,-611.889
TEB,2026/06,Net Faaliyet Kârı (Zararı),281371,1000TL,281.371
TEB,2026/06,Varlıklar Toplamı,5488085,1000TL,5488.085
TEB,2026/06,Özkaynaklar,1563774,1000TL,1563.774
TEB,2026/06,İhraç Edilen Menkul Kıymetler (Net),0,1000TL,0
VDF,2023/12,Alınan Krediler,11876484,1000TL,11876.484
VDF,2023/12,Brüt Kâr (Zarar),1057208,1000TL,1057.208
VDF,2023/12,Esas Faaliyet Gelirleri,2997365,1000TL,2997.365
VDF,2023/12,Finansman Giderleri,-1940157,1000TL,-1940.157
VDF,2023/12,Net Faaliyet Kârı (Zararı),480927,1000TL,480.927
VDF,2023/12,Varlıklar Toplamı,14998727,1000TL,14998.727
VDF,2023/12,Özkaynaklar,1539605,1000TL,1539.605
VDF,2023/12,İhraç Edilen Menkul Kıymetler (Net),1038148,1000TL,1038.148
VDF,2024/12,Alınan Krediler,20117339,1000TL,20117.339
VDF,2024/12,Brüt Kâr (Zarar),1225684,1000TL,1225.684
VDF,2024/12,Esas Faaliyet Gelirleri,7705206,1000TL,7705.206
VDF,2024/12,Finansman Giderleri,-6479522,1000TL,-6479.522
VDF,2024/12,Net Faaliyet Kârı (Zararı),1121606,1000TL,1121.606
VDF,2024/12,Varlıklar Toplamı,26553895,1000TL,26553.895
VDF,2024/12,Özkaynaklar,2239154,1000TL,2239.154
VDF,2024/12,İhraç Edilen Menkul Kıymetler (Net),2663460,1000TL,2663.46
VDF,2025/12,Alınan Krediler,32813172,1000TL,32813.172
VDF,2025/12,Brüt Kâr (Zarar),2579282,1000TL,2579.282
VDF,2025/12,Esas Faaliyet Gelirleri,13248171,1000TL,13248.171
VDF,2025/12,Finansman Giderleri,-10668889,1000TL,-10668.889
VDF,2025/12,Net Faaliyet Kârı (Zararı),2432774,1000TL,2432.774
VDF,2025/12,Varlıklar Toplamı,43023297,1000TL,43023.297
VDF,2025/12,Özkaynaklar,4716394,1000TL,4716.394
VDF,2025/12,İhraç Edilen Menkul Kıymetler (Net),2534549,1000TL,2534.549
VDF,2026/06,Alınan Krediler,29185622,1000TL,29185.622
VDF,2026/06,Brüt Kâr (Zarar),2408219,1000TL,2408.219
VDF,2026/06,Esas Faaliyet Gelirleri,8058628,1000TL,8058.628
VDF,2026/06,Finansman Giderleri,-5650409,1000TL,-5650.409
VDF,2026/06,Net Faaliyet Kârı (Zararı),1776651,1000TL,1776.651
VDF,2026/06,Varlıklar Toplamı,43381786,1000TL,43381.786
VDF,2026/06,Özkaynaklar,5966026,1000TL,5966.026
VDF,2026/06,İhraç Edilen Menkul Kıymetler (Net),5812555,1000TL,5812.555
